index,labels
closed_train_0.jpg,0
closed_train_1.jpg,0
closed_train_2.jpg,0
closed_train_3.jpg,0
closed_train_4.jpg,0
closed_train_5.jpg,0
closed_train_6.jpg,0
closed_train_7.jpg,0
closed_train_8.jpg,0
closed_train_9.jpg,0
closed_train_10.jpg,0
closed_train_11.jpg,0
closed_train_12.jpg,0
closed_train_13.jpg,0
closed_train_14.jpg,0
closed_train_15.jpg,0
closed_train_16.jpg,0
closed_train_17.jpg,0
closed_train_18.jpg,0
closed_train_19.jpg,0
closed_train_20.jpg,0
closed_train_21.jpg,0
closed_train_22.jpg,0
closed_train_23.jpg,0
closed_train_24.jpg,0
closed_train_25.jpg,0
closed_train_26.jpg,0
closed_train_27.jpg,0
closed_train_28.jpg,0
closed_train_29.jpg,0
closed_train_30.jpg,0
closed_train_31.jpg,0
closed_train_32.jpg,0
closed_train_33.jpg,0
closed_train_34.jpg,0
closed_train_35.jpg,0
closed_train_36.jpg,0
closed_train_37.jpg,0
closed_train_38.jpg,0
closed_train_39.jpg,0
closed_train_40.jpg,0
closed_train_41.jpg,0
closed_train_42.jpg,0
closed_train_43.jpg,0
closed_train_44.jpg,0
closed_train_45.jpg,0
closed_train_46.jpg,0
closed_train_47.jpg,0
closed_train_48.jpg,0
closed_train_49.jpg,0
closed_train_50.jpg,0
closed_train_51.jpg,0
closed_train_52.jpg,0
closed_train_53.jpg,0
closed_train_54.jpg,0
closed_train_55.jpg,0
closed_train_56.jpg,0
closed_train_57.jpg,0
closed_train_58.jpg,0
closed_train_59.jpg,0
closed_train_60.jpg,0
closed_train_61.jpg,0
closed_train_62.jpg,0
closed_train_63.jpg,0
closed_train_64.jpg,0
closed_train_65.jpg,0
closed_train_66.jpg,0
closed_train_67.jpg,0
closed_train_68.jpg,0
closed_train_69.jpg,0
closed_train_70.jpg,0
closed_train_71.jpg,0
closed_train_72.jpg,0
closed_train_73.jpg,0
closed_train_74.jpg,0
closed_train_75.jpg,0
closed_train_76.jpg,0
closed_train_77.jpg,0
closed_train_78.jpg,0
closed_train_79.jpg,0
closed_train_80.jpg,0
closed_train_81.jpg,0
closed_train_82.jpg,0
closed_train_83.jpg,0
closed_train_84.jpg,0
closed_train_85.jpg,0
closed_train_86.jpg,0
closed_train_87.jpg,0
closed_train_88.jpg,0
closed_train_89.jpg,0
closed_train_90.jpg,0
closed_train_91.jpg,0
closed_train_92.jpg,0
closed_train_93.jpg,0
closed_train_94.jpg,0
closed_train_95.jpg,0
closed_train_96.jpg,0
closed_train_97.jpg,0
closed_train_98.jpg,0
closed_train_99.jpg,0
closed_train_100.jpg,0
closed_train_101.jpg,0
closed_train_102.jpg,0
closed_train_103.jpg,0
closed_train_104.jpg,0
closed_train_105.jpg,0
closed_train_106.jpg,0
closed_train_107.jpg,0
closed_train_108.jpg,0
closed_train_109.jpg,0
closed_train_110.jpg,0
closed_train_111.jpg,0
closed_train_112.jpg,0
closed_train_113.jpg,0
closed_train_114.jpg,0
closed_train_115.jpg,0
closed_train_116.jpg,0
closed_train_117.jpg,0
closed_train_118.jpg,0
closed_train_119.jpg,0
closed_train_120.jpg,0
closed_train_121.jpg,0
closed_train_122.jpg,0
closed_train_123.jpg,0
closed_train_124.jpg,0
closed_train_125.jpg,0
closed_train_126.jpg,0
closed_train_127.jpg,0
closed_train_128.jpg,0
closed_train_129.jpg,0
closed_train_130.jpg,0
closed_train_131.jpg,0
closed_train_132.jpg,0
closed_train_133.jpg,0
closed_train_134.jpg,0
closed_train_135.jpg,0
closed_train_136.jpg,0
closed_train_137.jpg,0
closed_train_138.jpg,0
closed_train_139.jpg,0
closed_train_140.jpg,0
closed_train_141.jpg,0
closed_train_142.jpg,0
closed_train_143.jpg,0
closed_train_144.jpg,0
closed_train_145.jpg,0
closed_train_146.jpg,0
closed_train_147.jpg,0
closed_train_148.jpg,0
closed_train_149.jpg,0
closed_train_150.jpg,0
closed_train_151.jpg,0
closed_train_152.jpg,0
closed_train_153.jpg,0
closed_train_154.jpg,0
closed_train_155.jpg,0
closed_train_156.jpg,0
closed_train_157.jpg,0
closed_train_158.jpg,0
closed_train_159.jpg,0
closed_train_160.jpg,0
closed_train_161.jpg,0
closed_train_162.jpg,0
closed_train_163.jpg,0
closed_train_164.jpg,0
closed_train_165.jpg,0
closed_train_166.jpg,0
closed_train_167.jpg,0
closed_train_168.jpg,0
closed_train_169.jpg,0
closed_train_170.jpg,0
closed_train_171.jpg,0
closed_train_172.jpg,0
closed_train_173.jpg,0
closed_train_174.jpg,0
closed_train_175.jpg,0
closed_train_176.jpg,0
closed_train_177.jpg,0
closed_train_178.jpg,0
closed_train_179.jpg,0
closed_train_180.jpg,0
closed_train_181.jpg,0
closed_train_182.jpg,0
closed_train_183.jpg,0
closed_train_184.jpg,0
closed_train_185.jpg,0
closed_train_186.jpg,0
closed_train_187.jpg,0
closed_train_188.jpg,0
closed_train_189.jpg,0
closed_train_190.jpg,0
closed_train_191.jpg,0
closed_train_192.jpg,0
closed_train_193.jpg,0
closed_train_194.jpg,0
closed_train_195.jpg,0
closed_train_196.jpg,0
closed_train_197.jpg,0
closed_train_198.jpg,0
closed_train_199.jpg,0
closed_train_200.jpg,0
closed_train_201.jpg,0
closed_train_202.jpg,0
closed_train_203.jpg,0
closed_train_204.jpg,0
closed_train_205.jpg,0
closed_train_206.jpg,0
closed_train_207.jpg,0
closed_train_208.jpg,0
closed_train_209.jpg,0
closed_train_210.jpg,0
closed_train_211.jpg,0
closed_train_212.jpg,0
closed_train_213.jpg,0
closed_train_214.jpg,0
closed_train_215.jpg,0
closed_train_216.jpg,0
closed_train_217.jpg,0
closed_train_218.jpg,0
closed_train_219.jpg,0
closed_train_220.jpg,0
closed_train_221.jpg,0
closed_train_222.jpg,0
closed_train_223.jpg,0
closed_train_224.jpg,0
closed_train_225.jpg,0
closed_train_226.jpg,0
closed_train_227.jpg,0
closed_train_228.jpg,0
closed_train_229.jpg,0
closed_train_230.jpg,0
closed_train_231.jpg,0
closed_train_232.jpg,0
closed_train_233.jpg,0
closed_train_234.jpg,0
closed_train_235.jpg,0
closed_train_236.jpg,0
closed_train_237.jpg,0
closed_train_238.jpg,0
closed_train_239.jpg,0
closed_train_240.jpg,0
closed_train_241.jpg,0
closed_train_242.jpg,0
closed_train_243.jpg,0
closed_train_244.jpg,0
closed_train_245.jpg,0
closed_train_246.jpg,0
closed_train_247.jpg,0
closed_train_248.jpg,0
closed_train_249.jpg,0
closed_train_250.jpg,0
closed_train_251.jpg,0
closed_train_252.jpg,0
closed_train_253.jpg,0
closed_train_254.jpg,0
closed_train_255.jpg,0
closed_train_256.jpg,0
closed_train_257.jpg,0
closed_train_258.jpg,0
closed_train_259.jpg,0
closed_train_260.jpg,0
closed_train_261.jpg,0
closed_train_262.jpg,0
closed_train_263.jpg,0
closed_train_264.jpg,0
closed_train_265.jpg,0
closed_train_266.jpg,0
closed_train_267.jpg,0
closed_train_268.jpg,0
closed_train_269.jpg,0
closed_train_270.jpg,0
closed_train_271.jpg,0
closed_train_272.jpg,0
closed_train_273.jpg,0
closed_train_274.jpg,0
closed_train_275.jpg,0
closed_train_276.jpg,0
closed_train_277.jpg,0
closed_train_278.jpg,0
closed_train_279.jpg,0
closed_train_280.jpg,0
closed_train_281.jpg,0
closed_train_282.jpg,0
closed_train_283.jpg,0
closed_train_284.jpg,0
closed_train_285.jpg,0
closed_train_286.jpg,0
closed_train_287.jpg,0
closed_train_288.jpg,0
closed_train_289.jpg,0
closed_train_290.jpg,0
closed_train_291.jpg,0
closed_train_292.jpg,0
closed_train_293.jpg,0
closed_train_294.jpg,0
closed_train_295.jpg,0
closed_train_296.jpg,0
closed_train_297.jpg,0
closed_train_298.jpg,0
closed_train_299.jpg,0
closed_train_300.jpg,0
closed_train_301.jpg,0
closed_train_302.jpg,0
closed_train_303.jpg,0
closed_train_304.jpg,0
closed_train_305.jpg,0
closed_train_306.jpg,0
closed_train_307.jpg,0
closed_train_308.jpg,0
closed_train_309.jpg,0
closed_train_310.jpg,0
closed_train_311.jpg,0
closed_train_312.jpg,0
closed_train_313.jpg,0
closed_train_314.jpg,0
closed_train_315.jpg,0
closed_train_316.jpg,0
closed_train_317.jpg,0
closed_train_318.jpg,0
closed_train_319.jpg,0
closed_train_320.jpg,0
closed_train_321.jpg,0
closed_train_322.jpg,0
closed_train_323.jpg,0
closed_train_324.jpg,0
closed_train_325.jpg,0
closed_train_326.jpg,0
closed_train_327.jpg,0
closed_train_328.jpg,0
closed_train_329.jpg,0
closed_train_330.jpg,0
closed_train_331.jpg,0
closed_train_332.jpg,0
closed_train_333.jpg,0
closed_train_334.jpg,0
closed_train_335.jpg,0
closed_train_336.jpg,0
closed_train_337.jpg,0
closed_train_338.jpg,0
closed_train_339.jpg,0
closed_train_340.jpg,0
closed_train_341.jpg,0
closed_train_342.jpg,0
closed_train_343.jpg,0
closed_train_344.jpg,0
closed_train_345.jpg,0
closed_train_346.jpg,0
closed_train_347.jpg,0
closed_train_348.jpg,0
closed_train_349.jpg,0
closed_train_350.jpg,0
closed_train_351.jpg,0
closed_train_352.jpg,0
closed_train_353.jpg,0
closed_train_354.jpg,0
closed_train_355.jpg,0
closed_train_356.jpg,0
closed_train_357.jpg,0
closed_train_358.jpg,0
closed_train_359.jpg,0
closed_train_360.jpg,0
closed_train_361.jpg,0
closed_train_362.jpg,0
closed_train_363.jpg,0
closed_train_364.jpg,0
closed_train_365.jpg,0
closed_train_366.jpg,0
closed_train_367.jpg,0
closed_train_368.jpg,0
closed_train_369.jpg,0
closed_train_370.jpg,0
closed_train_371.jpg,0
closed_train_372.jpg,0
closed_train_373.jpg,0
closed_train_374.jpg,0
closed_train_375.jpg,0
closed_train_376.jpg,0
closed_train_377.jpg,0
closed_train_378.jpg,0
closed_train_379.jpg,0
closed_train_380.jpg,0
closed_train_381.jpg,0
closed_train_382.jpg,0
closed_train_383.jpg,0
closed_train_384.jpg,0
closed_train_385.jpg,0
closed_train_386.jpg,0
closed_train_387.jpg,0
closed_train_388.jpg,0
closed_train_389.jpg,0
closed_train_390.jpg,0
closed_train_391.jpg,0
closed_train_392.jpg,0
closed_train_393.jpg,0
closed_train_394.jpg,0
closed_train_395.jpg,0
closed_train_396.jpg,0
closed_train_397.jpg,0
closed_train_398.jpg,0
closed_train_399.jpg,0
closed_train_400.jpg,0
closed_train_401.jpg,0
closed_train_402.jpg,0
closed_train_403.jpg,0
closed_train_404.jpg,0
closed_train_405.jpg,0
closed_train_406.jpg,0
closed_train_407.jpg,0
closed_train_408.jpg,0
closed_train_409.jpg,0
closed_train_410.jpg,0
closed_train_411.jpg,0
closed_train_412.jpg,0
closed_train_413.jpg,0
closed_train_414.jpg,0
closed_train_415.jpg,0
closed_train_416.jpg,0
closed_train_417.jpg,0
closed_train_418.jpg,0
closed_train_419.jpg,0
closed_train_420.jpg,0
closed_train_421.jpg,0
closed_train_422.jpg,0
closed_train_423.jpg,0
closed_train_424.jpg,0
closed_train_425.jpg,0
closed_train_426.jpg,0
closed_train_427.jpg,0
closed_train_428.jpg,0
closed_train_429.jpg,0
closed_train_430.jpg,0
closed_train_431.jpg,0
closed_train_432.jpg,0
closed_train_433.jpg,0
closed_train_434.jpg,0
closed_train_435.jpg,0
closed_train_436.jpg,0
closed_train_437.jpg,0
closed_train_438.jpg,0
closed_train_439.jpg,0
closed_train_440.jpg,0
closed_train_441.jpg,0
closed_train_442.jpg,0
closed_train_443.jpg,0
closed_train_444.jpg,0
closed_train_445.jpg,0
closed_train_446.jpg,0
closed_train_447.jpg,0
closed_train_448.jpg,0
closed_train_449.jpg,0
closed_train_450.jpg,0
closed_train_451.jpg,0
closed_train_452.jpg,0
closed_train_453.jpg,0
closed_train_454.jpg,0
closed_train_455.jpg,0
closed_train_456.jpg,0
closed_train_457.jpg,0
closed_train_458.jpg,0
closed_train_459.jpg,0
closed_train_460.jpg,0
closed_train_461.jpg,0
closed_train_462.jpg,0
closed_train_463.jpg,0
closed_train_464.jpg,0
closed_train_465.jpg,0
closed_train_466.jpg,0
closed_train_467.jpg,0
closed_train_468.jpg,0
closed_train_469.jpg,0
closed_train_470.jpg,0
closed_train_471.jpg,0
closed_train_472.jpg,0
closed_train_473.jpg,0
closed_train_474.jpg,0
closed_train_475.jpg,0
closed_train_476.jpg,0
closed_train_477.jpg,0
closed_train_478.jpg,0
closed_train_479.jpg,0
closed_train_480.jpg,0
closed_train_481.jpg,0
closed_train_482.jpg,0
closed_train_483.jpg,0
closed_train_484.jpg,0
closed_train_485.jpg,0
closed_train_486.jpg,0
closed_train_487.jpg,0
closed_train_488.jpg,0
closed_train_489.jpg,0
closed_train_490.jpg,0
closed_train_491.jpg,0
closed_train_492.jpg,0
closed_train_493.jpg,0
closed_train_494.jpg,0
closed_train_495.jpg,0
closed_train_496.jpg,0
closed_train_497.jpg,0
closed_train_498.jpg,0
closed_train_499.jpg,0
closed_train_500.jpg,0
closed_train_501.jpg,0
closed_train_502.jpg,0
closed_train_503.jpg,0
closed_train_504.jpg,0
closed_train_505.jpg,0
closed_train_506.jpg,0
closed_train_507.jpg,0
closed_train_508.jpg,0
closed_train_509.jpg,0
closed_train_510.jpg,0
closed_train_511.jpg,0
closed_train_512.jpg,0
closed_train_513.jpg,0
closed_train_514.jpg,0
closed_train_515.jpg,0
closed_train_516.jpg,0
closed_train_517.jpg,0
closed_train_518.jpg,0
closed_train_519.jpg,0
closed_train_520.jpg,0
closed_train_521.jpg,0
closed_train_522.jpg,0
closed_train_523.jpg,0
closed_train_524.jpg,0
closed_train_525.jpg,0
closed_train_526.jpg,0
closed_train_527.jpg,0
closed_train_528.jpg,0
closed_train_529.jpg,0
closed_train_530.jpg,0
closed_train_531.jpg,0
closed_train_532.jpg,0
closed_train_533.jpg,0
closed_train_534.jpg,0
closed_train_535.jpg,0
closed_train_536.jpg,0
closed_train_537.jpg,0
closed_train_538.jpg,0
closed_train_539.jpg,0
closed_train_540.jpg,0
closed_train_541.jpg,0
closed_train_542.jpg,0
closed_train_543.jpg,0
closed_train_544.jpg,0
closed_train_545.jpg,0
closed_train_546.jpg,0
closed_train_547.jpg,0
closed_train_548.jpg,0
closed_train_549.jpg,0
closed_train_550.jpg,0
closed_train_551.jpg,0
closed_train_552.jpg,0
closed_train_553.jpg,0
closed_train_554.jpg,0
closed_train_555.jpg,0
closed_train_556.jpg,0
closed_train_557.jpg,0
closed_train_558.jpg,0
closed_train_559.jpg,0
closed_train_560.jpg,0
closed_train_561.jpg,0
closed_train_562.jpg,0
closed_train_563.jpg,0
closed_train_564.jpg,0
closed_train_565.jpg,0
closed_train_566.jpg,0
closed_train_567.jpg,0
closed_train_568.jpg,0
closed_train_569.jpg,0
closed_train_570.jpg,0
closed_train_571.jpg,0
closed_train_572.jpg,0
closed_train_573.jpg,0
closed_train_574.jpg,0
closed_train_575.jpg,0
closed_train_576.jpg,0
closed_train_577.jpg,0
closed_train_578.jpg,0
closed_train_579.jpg,0
closed_train_580.jpg,0
closed_train_581.jpg,0
closed_train_582.jpg,0
closed_train_583.jpg,0
closed_train_584.jpg,0
closed_train_585.jpg,0
closed_train_586.jpg,0
closed_train_587.jpg,0
closed_train_588.jpg,0
closed_train_589.jpg,0
closed_train_590.jpg,0
closed_train_591.jpg,0
closed_train_592.jpg,0
closed_train_593.jpg,0
closed_train_594.jpg,0
closed_train_595.jpg,0
closed_train_596.jpg,0
closed_train_597.jpg,0
closed_train_598.jpg,0
closed_train_599.jpg,0
closed_train_600.jpg,0
closed_train_601.jpg,0
closed_train_602.jpg,0
closed_train_603.jpg,0
closed_train_604.jpg,0
closed_train_605.jpg,0
closed_train_606.jpg,0
closed_train_607.jpg,0
closed_train_608.jpg,0
closed_train_609.jpg,0
closed_train_610.jpg,0
closed_train_611.jpg,0
closed_train_612.jpg,0
closed_train_613.jpg,0
closed_train_614.jpg,0
closed_train_615.jpg,0
closed_train_616.jpg,0
closed_train_617.jpg,0
closed_train_618.jpg,0
closed_train_619.jpg,0
closed_train_620.jpg,0
closed_train_621.jpg,0
closed_train_622.jpg,0
closed_train_623.jpg,0
closed_train_624.jpg,0
closed_train_625.jpg,0
closed_train_626.jpg,0
closed_train_627.jpg,0
closed_train_628.jpg,0
closed_train_629.jpg,0
closed_train_630.jpg,0
closed_train_631.jpg,0
closed_train_632.jpg,0
closed_train_633.jpg,0
closed_train_634.jpg,0
closed_train_635.jpg,0
closed_train_636.jpg,0
closed_train_637.jpg,0
closed_train_638.jpg,0
closed_train_639.jpg,0
closed_train_640.jpg,0
closed_train_641.jpg,0
closed_train_642.jpg,0
closed_train_643.jpg,0
closed_train_644.jpg,0
closed_train_645.jpg,0
closed_train_646.jpg,0
closed_train_647.jpg,0
closed_train_648.jpg,0
closed_train_649.jpg,0
closed_train_650.jpg,0
closed_train_651.jpg,0
closed_train_652.jpg,0
closed_train_653.jpg,0
closed_train_654.jpg,0
closed_train_655.jpg,0
closed_train_656.jpg,0
closed_train_657.jpg,0
closed_train_658.jpg,0
closed_train_659.jpg,0
closed_train_660.jpg,0
closed_train_661.jpg,0
closed_train_662.jpg,0
closed_train_663.jpg,0
closed_train_664.jpg,0
closed_train_665.jpg,0
closed_train_666.jpg,0
closed_train_667.jpg,0
closed_train_668.jpg,0
closed_train_669.jpg,0
closed_train_670.jpg,0
closed_train_671.jpg,0
closed_train_672.jpg,0
closed_train_673.jpg,0
closed_train_674.jpg,0
closed_train_675.jpg,0
closed_train_676.jpg,0
closed_train_677.jpg,0
closed_train_678.jpg,0
closed_train_679.jpg,0
closed_train_680.jpg,0
closed_train_681.jpg,0
closed_train_682.jpg,0
closed_train_683.jpg,0
closed_train_684.jpg,0
closed_train_685.jpg,0
closed_train_686.jpg,0
closed_train_687.jpg,0
closed_train_688.jpg,0
closed_train_689.jpg,0
closed_train_690.jpg,0
closed_train_691.jpg,0
closed_train_692.jpg,0
closed_train_693.jpg,0
closed_train_694.jpg,0
closed_train_695.jpg,0
closed_train_696.jpg,0
closed_train_697.jpg,0
closed_train_698.jpg,0
closed_train_699.jpg,0
closed_train_700.jpg,0
closed_train_701.jpg,0
closed_train_702.jpg,0
closed_train_703.jpg,0
closed_train_704.jpg,0
closed_train_705.jpg,0
closed_train_706.jpg,0
closed_train_707.jpg,0
closed_train_708.jpg,0
closed_train_709.jpg,0
closed_train_710.jpg,0
closed_train_711.jpg,0
closed_train_712.jpg,0
closed_train_713.jpg,0
closed_train_714.jpg,0
closed_train_715.jpg,0
closed_train_716.jpg,0
closed_train_717.jpg,0
closed_train_718.jpg,0
closed_train_719.jpg,0
closed_train_720.jpg,0
closed_train_721.jpg,0
closed_train_722.jpg,0
closed_train_723.jpg,0
closed_train_724.jpg,0
closed_train_725.jpg,0
closed_train_726.jpg,0
closed_train_727.jpg,0
closed_train_728.jpg,0
closed_train_729.jpg,0
closed_train_730.jpg,0
closed_train_731.jpg,0
closed_train_732.jpg,0
closed_train_733.jpg,0
closed_train_734.jpg,0
closed_train_735.jpg,0
closed_train_736.jpg,0
closed_train_737.jpg,0
closed_train_738.jpg,0
closed_train_739.jpg,0
closed_train_740.jpg,0
closed_train_741.jpg,0
closed_train_742.jpg,0
closed_train_743.jpg,0
closed_train_744.jpg,0
closed_train_745.jpg,0
closed_train_746.jpg,0
closed_train_747.jpg,0
closed_train_748.jpg,0
closed_train_749.jpg,0
closed_train_750.jpg,0
closed_train_751.jpg,0
closed_train_752.jpg,0
closed_train_753.jpg,0
closed_train_754.jpg,0
closed_train_755.jpg,0
closed_train_756.jpg,0
closed_train_757.jpg,0
closed_train_758.jpg,0
closed_train_759.jpg,0
closed_train_760.jpg,0
closed_train_761.jpg,0
closed_train_762.jpg,0
closed_train_763.jpg,0
closed_train_764.jpg,0
closed_train_765.jpg,0
closed_train_766.jpg,0
closed_train_767.jpg,0
closed_train_768.jpg,0
closed_train_769.jpg,0
closed_train_770.jpg,0
closed_train_771.jpg,0
closed_train_772.jpg,0
closed_train_773.jpg,0
closed_train_774.jpg,0
closed_train_775.jpg,0
closed_train_776.jpg,0
closed_train_777.jpg,0
closed_train_778.jpg,0
closed_train_779.jpg,0
closed_train_780.jpg,0
closed_train_781.jpg,0
closed_train_782.jpg,0
closed_train_783.jpg,0
closed_train_784.jpg,0
closed_train_785.jpg,0
closed_train_786.jpg,0
closed_train_787.jpg,0
closed_train_788.jpg,0
closed_train_789.jpg,0
closed_train_790.jpg,0
closed_train_791.jpg,0
closed_train_792.jpg,0
closed_train_793.jpg,0
closed_train_794.jpg,0
closed_train_795.jpg,0
closed_train_796.jpg,0
closed_train_797.jpg,0
closed_train_798.jpg,0
closed_train_799.jpg,0
closed_train_800.jpg,0
closed_train_801.jpg,0
closed_train_802.jpg,0
closed_train_803.jpg,0
closed_train_804.jpg,0
closed_train_805.jpg,0
closed_train_806.jpg,0
closed_train_807.jpg,0
closed_train_808.jpg,0
closed_train_809.jpg,0
closed_train_810.jpg,0
closed_train_811.jpg,0
closed_train_812.jpg,0
closed_train_813.jpg,0
closed_train_814.jpg,0
closed_train_815.jpg,0
closed_train_816.jpg,0
closed_train_817.jpg,0
closed_train_818.jpg,0
closed_train_819.jpg,0
closed_train_820.jpg,0
closed_train_821.jpg,0
closed_train_822.jpg,0
closed_train_823.jpg,0
closed_train_824.jpg,0
closed_train_825.jpg,0
closed_train_826.jpg,0
closed_train_827.jpg,0
closed_train_828.jpg,0
closed_train_829.jpg,0
closed_train_830.jpg,0
closed_train_831.jpg,0
closed_train_832.jpg,0
closed_train_833.jpg,0
closed_train_834.jpg,0
closed_train_835.jpg,0
closed_train_836.jpg,0
closed_train_837.jpg,0
closed_train_838.jpg,0
closed_train_839.jpg,0
closed_train_840.jpg,0
closed_train_841.jpg,0
closed_train_842.jpg,0
closed_train_843.jpg,0
closed_train_844.jpg,0
closed_train_845.jpg,0
closed_train_846.jpg,0
closed_train_847.jpg,0
closed_train_848.jpg,0
closed_train_849.jpg,0
closed_train_850.jpg,0
closed_train_851.jpg,0
closed_train_852.jpg,0
closed_train_853.jpg,0
closed_train_854.jpg,0
closed_train_855.jpg,0
closed_train_856.jpg,0
closed_train_857.jpg,0
closed_train_858.jpg,0
closed_train_859.jpg,0
closed_train_860.jpg,0
closed_train_861.jpg,0
closed_train_862.jpg,0
closed_train_863.jpg,0
closed_train_864.jpg,0
closed_train_865.jpg,0
closed_train_866.jpg,0
closed_train_867.jpg,0
closed_train_868.jpg,0
closed_train_869.jpg,0
closed_train_870.jpg,0
closed_train_871.jpg,0
closed_train_872.jpg,0
closed_train_873.jpg,0
closed_train_874.jpg,0
closed_train_875.jpg,0
closed_train_876.jpg,0
closed_train_877.jpg,0
closed_train_878.jpg,0
closed_train_879.jpg,0
closed_train_880.jpg,0
closed_train_881.jpg,0
closed_train_882.jpg,0
closed_train_883.jpg,0
closed_train_884.jpg,0
closed_train_885.jpg,0
closed_train_886.jpg,0
closed_train_887.jpg,0
closed_train_888.jpg,0
closed_train_889.jpg,0
closed_train_890.jpg,0
closed_train_891.jpg,0
closed_train_892.jpg,0
closed_train_893.jpg,0
closed_train_894.jpg,0
closed_train_895.jpg,0
closed_train_896.jpg,0
closed_train_897.jpg,0
closed_train_898.jpg,0
closed_train_899.jpg,0
closed_train_900.jpg,0
closed_train_901.jpg,0
closed_train_902.jpg,0
closed_train_903.jpg,0
closed_train_904.jpg,0
closed_train_905.jpg,0
closed_train_906.jpg,0
closed_train_907.jpg,0
closed_train_908.jpg,0
closed_train_909.jpg,0
closed_train_910.jpg,0
closed_train_911.jpg,0
closed_train_912.jpg,0
closed_train_913.jpg,0
closed_train_914.jpg,0
closed_train_915.jpg,0
closed_train_916.jpg,0
closed_train_917.jpg,0
closed_train_918.jpg,0
closed_train_919.jpg,0
closed_train_920.jpg,0
closed_train_921.jpg,0
closed_train_922.jpg,0
closed_train_923.jpg,0
closed_train_924.jpg,0
closed_train_925.jpg,0
closed_train_926.jpg,0
closed_train_927.jpg,0
closed_train_928.jpg,0
closed_train_929.jpg,0
closed_train_930.jpg,0
closed_train_931.jpg,0
closed_train_932.jpg,0
closed_train_933.jpg,0
closed_train_934.jpg,0
closed_train_935.jpg,0
closed_train_936.jpg,0
closed_train_937.jpg,0
closed_train_938.jpg,0
closed_train_939.jpg,0
closed_train_940.jpg,0
closed_train_941.jpg,0
closed_train_942.jpg,0
closed_train_943.jpg,0
closed_train_944.jpg,0
closed_train_945.jpg,0
closed_train_946.jpg,0
closed_train_947.jpg,0
closed_train_948.jpg,0
closed_train_949.jpg,0
closed_train_950.jpg,0
closed_train_951.jpg,0
closed_train_952.jpg,0
closed_train_953.jpg,0
closed_train_954.jpg,0
closed_train_955.jpg,0
closed_train_956.jpg,0
closed_train_957.jpg,0
closed_train_958.jpg,0
closed_train_959.jpg,0
closed_train_960.jpg,0
closed_train_961.jpg,0
closed_train_962.jpg,0
closed_train_963.jpg,0
closed_train_964.jpg,0
closed_train_965.jpg,0
closed_train_966.jpg,0
closed_train_967.jpg,0
closed_train_968.jpg,0
closed_train_969.jpg,0
closed_train_970.jpg,0
closed_train_971.jpg,0
closed_train_972.jpg,0
closed_train_973.jpg,0
closed_train_974.jpg,0
closed_train_975.jpg,0
closed_train_976.jpg,0
closed_train_977.jpg,0
closed_train_978.jpg,0
closed_train_979.jpg,0
closed_train_980.jpg,0
closed_train_981.jpg,0
closed_train_982.jpg,0
closed_train_983.jpg,0
closed_train_984.jpg,0
closed_train_985.jpg,0
closed_train_986.jpg,0
closed_train_987.jpg,0
closed_train_988.jpg,0
closed_train_989.jpg,0
closed_train_990.jpg,0
closed_train_991.jpg,0
closed_train_992.jpg,0
closed_train_993.jpg,0
closed_train_994.jpg,0
closed_train_995.jpg,0
closed_train_996.jpg,0
closed_train_997.jpg,0
closed_train_998.jpg,0
closed_train_999.jpg,0
closed_train_1000.jpg,0
closed_train_1001.jpg,0
closed_train_1002.jpg,0
closed_train_1003.jpg,0
closed_train_1004.jpg,0
closed_train_1005.jpg,0
closed_train_1006.jpg,0
closed_train_1007.jpg,0
closed_train_1008.jpg,0
closed_train_1009.jpg,0
closed_train_1010.jpg,0
closed_train_1011.jpg,0
closed_train_1012.jpg,0
closed_train_1013.jpg,0
closed_train_1014.jpg,0
closed_train_1015.jpg,0
closed_train_1016.jpg,0
closed_train_1017.jpg,0
closed_train_1018.jpg,0
closed_train_1019.jpg,0
closed_train_1020.jpg,0
closed_train_1021.jpg,0
closed_train_1022.jpg,0
closed_train_1023.jpg,0
closed_train_1024.jpg,0
closed_train_1025.jpg,0
closed_train_1026.jpg,0
closed_train_1027.jpg,0
closed_train_1028.jpg,0
closed_train_1029.jpg,0
closed_train_1030.jpg,0
closed_train_1031.jpg,0
closed_train_1032.jpg,0
closed_train_1033.jpg,0
closed_train_1034.jpg,0
closed_train_1035.jpg,0
closed_train_1036.jpg,0
closed_train_1037.jpg,0
closed_train_1038.jpg,0
closed_train_1039.jpg,0
closed_train_1040.jpg,0
closed_train_1041.jpg,0
closed_train_1042.jpg,0
closed_train_1043.jpg,0
closed_train_1044.jpg,0
closed_train_1045.jpg,0
closed_train_1046.jpg,0
closed_train_1047.jpg,0
closed_train_1048.jpg,0
closed_train_1049.jpg,0
closed_train_1050.jpg,0
closed_train_1051.jpg,0
closed_train_1052.jpg,0
closed_train_1053.jpg,0
closed_train_1054.jpg,0
closed_train_1055.jpg,0
closed_train_1056.jpg,0
closed_train_1057.jpg,0
closed_train_1058.jpg,0
closed_train_1059.jpg,0
closed_train_1060.jpg,0
closed_train_1061.jpg,0
closed_train_1062.jpg,0
closed_train_1063.jpg,0
closed_train_1064.jpg,0
closed_train_1065.jpg,0
closed_train_1066.jpg,0
closed_train_1067.jpg,0
closed_train_1068.jpg,0
closed_train_1069.jpg,0
closed_train_1070.jpg,0
closed_train_1071.jpg,0
closed_train_1072.jpg,0
closed_train_1073.jpg,0
closed_train_1074.jpg,0
closed_train_1075.jpg,0
closed_train_1076.jpg,0
closed_train_1077.jpg,0
closed_train_1078.jpg,0
closed_train_1079.jpg,0
closed_train_1080.jpg,0
closed_train_1081.jpg,0
closed_train_1082.jpg,0
closed_train_1083.jpg,0
closed_train_1084.jpg,0
closed_train_1085.jpg,0
closed_train_1086.jpg,0
closed_train_1087.jpg,0
closed_train_1088.jpg,0
closed_train_1089.jpg,0
closed_train_1090.jpg,0
closed_train_1091.jpg,0
closed_train_1092.jpg,0
closed_train_1093.jpg,0
closed_train_1094.jpg,0
closed_train_1095.jpg,0
closed_train_1096.jpg,0
closed_train_1097.jpg,0
closed_train_1098.jpg,0
closed_train_1099.jpg,0
closed_train_1100.jpg,0
opened_train_1101.jpg,1
opened_train_1102.jpg,1
opened_train_1103.jpg,1
opened_train_1104.jpg,1
opened_train_1105.jpg,1
opened_train_1106.jpg,1
opened_train_1107.jpg,1
opened_train_1108.jpg,1
opened_train_1109.jpg,1
opened_train_1110.jpg,1
opened_train_1111.jpg,1
opened_train_1112.jpg,1
opened_train_1113.jpg,1
opened_train_1114.jpg,1
opened_train_1115.jpg,1
opened_train_1116.jpg,1
opened_train_1117.jpg,1
opened_train_1118.jpg,1
opened_train_1119.jpg,1
opened_train_1120.jpg,1
opened_train_1121.jpg,1
opened_train_1122.jpg,1
opened_train_1123.jpg,1
opened_train_1124.jpg,1
opened_train_1125.jpg,1
opened_train_1126.jpg,1
opened_train_1127.jpg,1
opened_train_1128.jpg,1
opened_train_1129.jpg,1
opened_train_1130.jpg,1
opened_train_1131.jpg,1
opened_train_1132.jpg,1
opened_train_1133.jpg,1
opened_train_1134.jpg,1
opened_train_1135.jpg,1
opened_train_1136.jpg,1
opened_train_1137.jpg,1
opened_train_1138.jpg,1
opened_train_1139.jpg,1
opened_train_1140.jpg,1
opened_train_1141.jpg,1
opened_train_1142.jpg,1
opened_train_1143.jpg,1
opened_train_1144.jpg,1
opened_train_1145.jpg,1
opened_train_1146.jpg,1
opened_train_1147.jpg,1
opened_train_1148.jpg,1
opened_train_1149.jpg,1
opened_train_1150.jpg,1
opened_train_1151.jpg,1
opened_train_1152.jpg,1
opened_train_1153.jpg,1
opened_train_1154.jpg,1
opened_train_1155.jpg,1
opened_train_1156.jpg,1
opened_train_1157.jpg,1
opened_train_1158.jpg,1
opened_train_1159.jpg,1
opened_train_1160.jpg,1
opened_train_1161.jpg,1
opened_train_1162.jpg,1
opened_train_1163.jpg,1
opened_train_1164.jpg,1
opened_train_1165.jpg,1
opened_train_1166.jpg,1
opened_train_1167.jpg,1
opened_train_1168.jpg,1
opened_train_1169.jpg,1
opened_train_1170.jpg,1
opened_train_1171.jpg,1
opened_train_1172.jpg,1
opened_train_1173.jpg,1
opened_train_1174.jpg,1
opened_train_1175.jpg,1
opened_train_1176.jpg,1
opened_train_1177.jpg,1
opened_train_1178.jpg,1
opened_train_1179.jpg,1
opened_train_1180.jpg,1
opened_train_1181.jpg,1
opened_train_1182.jpg,1
opened_train_1183.jpg,1
opened_train_1184.jpg,1
opened_train_1185.jpg,1
opened_train_1186.jpg,1
opened_train_1187.jpg,1
opened_train_1188.jpg,1
opened_train_1189.jpg,1
opened_train_1190.jpg,1
opened_train_1191.jpg,1
opened_train_1192.jpg,1
opened_train_1193.jpg,1
opened_train_1194.jpg,1
opened_train_1195.jpg,1
opened_train_1196.jpg,1
opened_train_1197.jpg,1
opened_train_1198.jpg,1
opened_train_1199.jpg,1
opened_train_1200.jpg,1
opened_train_1201.jpg,1
opened_train_1202.jpg,1
opened_train_1203.jpg,1
opened_train_1204.jpg,1
opened_train_1205.jpg,1
opened_train_1206.jpg,1
opened_train_1207.jpg,1
opened_train_1208.jpg,1
opened_train_1209.jpg,1
opened_train_1210.jpg,1
opened_train_1211.jpg,1
opened_train_1212.jpg,1
opened_train_1213.jpg,1
opened_train_1214.jpg,1
opened_train_1215.jpg,1
opened_train_1216.jpg,1
opened_train_1217.jpg,1
opened_train_1218.jpg,1
opened_train_1219.jpg,1
opened_train_1220.jpg,1
opened_train_1221.jpg,1
opened_train_1222.jpg,1
opened_train_1223.jpg,1
opened_train_1224.jpg,1
opened_train_1225.jpg,1
opened_train_1226.jpg,1
opened_train_1227.jpg,1
opened_train_1228.jpg,1
opened_train_1229.jpg,1
opened_train_1230.jpg,1
opened_train_1231.jpg,1
opened_train_1232.jpg,1
opened_train_1233.jpg,1
opened_train_1234.jpg,1
opened_train_1235.jpg,1
opened_train_1236.jpg,1
opened_train_1237.jpg,1
opened_train_1238.jpg,1
opened_train_1239.jpg,1
opened_train_1240.jpg,1
opened_train_1241.jpg,1
opened_train_1242.jpg,1
opened_train_1243.jpg,1
opened_train_1244.jpg,1
opened_train_1245.jpg,1
opened_train_1246.jpg,1
opened_train_1247.jpg,1
opened_train_1248.jpg,1
opened_train_1249.jpg,1
opened_train_1250.jpg,1
opened_train_1251.jpg,1
opened_train_1252.jpg,1
opened_train_1253.jpg,1
opened_train_1254.jpg,1
opened_train_1255.jpg,1
opened_train_1256.jpg,1
opened_train_1257.jpg,1
opened_train_1258.jpg,1
opened_train_1259.jpg,1
opened_train_1260.jpg,1
opened_train_1261.jpg,1
opened_train_1262.jpg,1
opened_train_1263.jpg,1
opened_train_1264.jpg,1
opened_train_1265.jpg,1
opened_train_1266.jpg,1
opened_train_1267.jpg,1
opened_train_1268.jpg,1
opened_train_1269.jpg,1
opened_train_1270.jpg,1
opened_train_1271.jpg,1
opened_train_1272.jpg,1
opened_train_1273.jpg,1
opened_train_1274.jpg,1
opened_train_1275.jpg,1
opened_train_1276.jpg,1
opened_train_1277.jpg,1
opened_train_1278.jpg,1
opened_train_1279.jpg,1
opened_train_1280.jpg,1
opened_train_1281.jpg,1
opened_train_1282.jpg,1
opened_train_1283.jpg,1
opened_train_1284.jpg,1
opened_train_1285.jpg,1
opened_train_1286.jpg,1
opened_train_1287.jpg,1
opened_train_1288.jpg,1
opened_train_1289.jpg,1
opened_train_1290.jpg,1
opened_train_1291.jpg,1
opened_train_1292.jpg,1
opened_train_1293.jpg,1
opened_train_1294.jpg,1
opened_train_1295.jpg,1
opened_train_1296.jpg,1
opened_train_1297.jpg,1
opened_train_1298.jpg,1
opened_train_1299.jpg,1
opened_train_1300.jpg,1
opened_train_1301.jpg,1
opened_train_1302.jpg,1
opened_train_1303.jpg,1
opened_train_1304.jpg,1
opened_train_1305.jpg,1
opened_train_1306.jpg,1
opened_train_1307.jpg,1
opened_train_1308.jpg,1
opened_train_1309.jpg,1
opened_train_1310.jpg,1
opened_train_1311.jpg,1
opened_train_1312.jpg,1
opened_train_1313.jpg,1
opened_train_1314.jpg,1
opened_train_1315.jpg,1
opened_train_1316.jpg,1
opened_train_1317.jpg,1
opened_train_1318.jpg,1
opened_train_1319.jpg,1
opened_train_1320.jpg,1
opened_train_1321.jpg,1
opened_train_1322.jpg,1
opened_train_1323.jpg,1
opened_train_1324.jpg,1
opened_train_1325.jpg,1
opened_train_1326.jpg,1
opened_train_1327.jpg,1
opened_train_1328.jpg,1
opened_train_1329.jpg,1
opened_train_1330.jpg,1
opened_train_1331.jpg,1
opened_train_1332.jpg,1
opened_train_1333.jpg,1
opened_train_1334.jpg,1
opened_train_1335.jpg,1
opened_train_1336.jpg,1
opened_train_1337.jpg,1
opened_train_1338.jpg,1
opened_train_1339.jpg,1
opened_train_1340.jpg,1
opened_train_1341.jpg,1
opened_train_1342.jpg,1
opened_train_1343.jpg,1
opened_train_1344.jpg,1
opened_train_1345.jpg,1
opened_train_1346.jpg,1
opened_train_1347.jpg,1
opened_train_1348.jpg,1
opened_train_1349.jpg,1
opened_train_1350.jpg,1
opened_train_1351.jpg,1
opened_train_1352.jpg,1
opened_train_1353.jpg,1
opened_train_1354.jpg,1
opened_train_1355.jpg,1
opened_train_1356.jpg,1
opened_train_1357.jpg,1
opened_train_1358.jpg,1
opened_train_1359.jpg,1
opened_train_1360.jpg,1
opened_train_1361.jpg,1
opened_train_1362.jpg,1
opened_train_1363.jpg,1
opened_train_1364.jpg,1
opened_train_1365.jpg,1
opened_train_1366.jpg,1
opened_train_1367.jpg,1
opened_train_1368.jpg,1
opened_train_1369.jpg,1
opened_train_1370.jpg,1
opened_train_1371.jpg,1
opened_train_1372.jpg,1
opened_train_1373.jpg,1
opened_train_1374.jpg,1
opened_train_1375.jpg,1
opened_train_1376.jpg,1
opened_train_1377.jpg,1
opened_train_1378.jpg,1
opened_train_1379.jpg,1
opened_train_1380.jpg,1
opened_train_1381.jpg,1
opened_train_1382.jpg,1
opened_train_1383.jpg,1
opened_train_1384.jpg,1
opened_train_1385.jpg,1
opened_train_1386.jpg,1
opened_train_1387.jpg,1
opened_train_1388.jpg,1
opened_train_1389.jpg,1
opened_train_1390.jpg,1
opened_train_1391.jpg,1
opened_train_1392.jpg,1
opened_train_1393.jpg,1
opened_train_1394.jpg,1
opened_train_1395.jpg,1
opened_train_1396.jpg,1
opened_train_1397.jpg,1
opened_train_1398.jpg,1
opened_train_1399.jpg,1
opened_train_1400.jpg,1
opened_train_1401.jpg,1
opened_train_1402.jpg,1
opened_train_1403.jpg,1
opened_train_1404.jpg,1
opened_train_1405.jpg,1
opened_train_1406.jpg,1
opened_train_1407.jpg,1
opened_train_1408.jpg,1
opened_train_1409.jpg,1
opened_train_1410.jpg,1
opened_train_1411.jpg,1
opened_train_1412.jpg,1
opened_train_1413.jpg,1
opened_train_1414.jpg,1
opened_train_1415.jpg,1
opened_train_1416.jpg,1
opened_train_1417.jpg,1
opened_train_1418.jpg,1
opened_train_1419.jpg,1
opened_train_1420.jpg,1
opened_train_1421.jpg,1
opened_train_1422.jpg,1
opened_train_1423.jpg,1
opened_train_1424.jpg,1
opened_train_1425.jpg,1
opened_train_1426.jpg,1
opened_train_1427.jpg,1
opened_train_1428.jpg,1
opened_train_1429.jpg,1
opened_train_1430.jpg,1
opened_train_1431.jpg,1
opened_train_1432.jpg,1
opened_train_1433.jpg,1
opened_train_1434.jpg,1
opened_train_1435.jpg,1
opened_train_1436.jpg,1
opened_train_1437.jpg,1
opened_train_1438.jpg,1
opened_train_1439.jpg,1
opened_train_1440.jpg,1
opened_train_1441.jpg,1
opened_train_1442.jpg,1
opened_train_1443.jpg,1
opened_train_1444.jpg,1
opened_train_1445.jpg,1
opened_train_1446.jpg,1
opened_train_1447.jpg,1
opened_train_1448.jpg,1
opened_train_1449.jpg,1
opened_train_1450.jpg,1
opened_train_1451.jpg,1
opened_train_1452.jpg,1
opened_train_1453.jpg,1
opened_train_1454.jpg,1
opened_train_1455.jpg,1
opened_train_1456.jpg,1
opened_train_1457.jpg,1
opened_train_1458.jpg,1
opened_train_1459.jpg,1
opened_train_1460.jpg,1
opened_train_1461.jpg,1
opened_train_1462.jpg,1
opened_train_1463.jpg,1
opened_train_1464.jpg,1
opened_train_1465.jpg,1
opened_train_1466.jpg,1
opened_train_1467.jpg,1
opened_train_1468.jpg,1
opened_train_1469.jpg,1
opened_train_1470.jpg,1
opened_train_1471.jpg,1
opened_train_1472.jpg,1
opened_train_1473.jpg,1
opened_train_1474.jpg,1
opened_train_1475.jpg,1
opened_train_1476.jpg,1
opened_train_1477.jpg,1
opened_train_1478.jpg,1
opened_train_1479.jpg,1
opened_train_1480.jpg,1
opened_train_1481.jpg,1
opened_train_1482.jpg,1
opened_train_1483.jpg,1
opened_train_1484.jpg,1
opened_train_1485.jpg,1
opened_train_1486.jpg,1
opened_train_1487.jpg,1
opened_train_1488.jpg,1
opened_train_1489.jpg,1
opened_train_1490.jpg,1
opened_train_1491.jpg,1
opened_train_1492.jpg,1
opened_train_1493.jpg,1
opened_train_1494.jpg,1
opened_train_1495.jpg,1
opened_train_1496.jpg,1
opened_train_1497.jpg,1
opened_train_1498.jpg,1
opened_train_1499.jpg,1
opened_train_1500.jpg,1
opened_train_1501.jpg,1
opened_train_1502.jpg,1
opened_train_1503.jpg,1
opened_train_1504.jpg,1
opened_train_1505.jpg,1
opened_train_1506.jpg,1
opened_train_1507.jpg,1
opened_train_1508.jpg,1
opened_train_1509.jpg,1
opened_train_1510.jpg,1
opened_train_1511.jpg,1
opened_train_1512.jpg,1
opened_train_1513.jpg,1
opened_train_1514.jpg,1
opened_train_1515.jpg,1
opened_train_1516.jpg,1
opened_train_1517.jpg,1
opened_train_1518.jpg,1
opened_train_1519.jpg,1
opened_train_1520.jpg,1
opened_train_1521.jpg,1
opened_train_1522.jpg,1
opened_train_1523.jpg,1
opened_train_1524.jpg,1
opened_train_1525.jpg,1
opened_train_1526.jpg,1
opened_train_1527.jpg,1
opened_train_1528.jpg,1
opened_train_1529.jpg,1
opened_train_1530.jpg,1
opened_train_1531.jpg,1
opened_train_1532.jpg,1
opened_train_1533.jpg,1
opened_train_1534.jpg,1
opened_train_1535.jpg,1
opened_train_1536.jpg,1
opened_train_1537.jpg,1
opened_train_1538.jpg,1
opened_train_1539.jpg,1
opened_train_1540.jpg,1
opened_train_1541.jpg,1
opened_train_1542.jpg,1
opened_train_1543.jpg,1
opened_train_1544.jpg,1
opened_train_1545.jpg,1
opened_train_1546.jpg,1
opened_train_1547.jpg,1
opened_train_1548.jpg,1
opened_train_1549.jpg,1
opened_train_1550.jpg,1
opened_train_1551.jpg,1
opened_train_1552.jpg,1
opened_train_1553.jpg,1
opened_train_1554.jpg,1
opened_train_1555.jpg,1
opened_train_1556.jpg,1
opened_train_1557.jpg,1
opened_train_1558.jpg,1
opened_train_1559.jpg,1
opened_train_1560.jpg,1
opened_train_1561.jpg,1
opened_train_1562.jpg,1
opened_train_1563.jpg,1
opened_train_1564.jpg,1
opened_train_1565.jpg,1
opened_train_1566.jpg,1
opened_train_1567.jpg,1
opened_train_1568.jpg,1
opened_train_1569.jpg,1
opened_train_1570.jpg,1
opened_train_1571.jpg,1
opened_train_1572.jpg,1
opened_train_1573.jpg,1
opened_train_1574.jpg,1
opened_train_1575.jpg,1
opened_train_1576.jpg,1
opened_train_1577.jpg,1
opened_train_1578.jpg,1
opened_train_1579.jpg,1
opened_train_1580.jpg,1
opened_train_1581.jpg,1
opened_train_1582.jpg,1
opened_train_1583.jpg,1
opened_train_1584.jpg,1
opened_train_1585.jpg,1
opened_train_1586.jpg,1
opened_train_1587.jpg,1
opened_train_1588.jpg,1
opened_train_1589.jpg,1
opened_train_1590.jpg,1
opened_train_1591.jpg,1
opened_train_1592.jpg,1
opened_train_1593.jpg,1
opened_train_1594.jpg,1
opened_train_1595.jpg,1
opened_train_1596.jpg,1
opened_train_1597.jpg,1
opened_train_1598.jpg,1
opened_train_1599.jpg,1
opened_train_1600.jpg,1
opened_train_1601.jpg,1
opened_train_1602.jpg,1
opened_train_1603.jpg,1
opened_train_1604.jpg,1
opened_train_1605.jpg,1
opened_train_1606.jpg,1
opened_train_1607.jpg,1
opened_train_1608.jpg,1
opened_train_1609.jpg,1
opened_train_1610.jpg,1
opened_train_1611.jpg,1
opened_train_1612.jpg,1
opened_train_1613.jpg,1
opened_train_1614.jpg,1
opened_train_1615.jpg,1
opened_train_1616.jpg,1
opened_train_1617.jpg,1
opened_train_1618.jpg,1
opened_train_1619.jpg,1
opened_train_1620.jpg,1
opened_train_1621.jpg,1
opened_train_1622.jpg,1
opened_train_1623.jpg,1
opened_train_1624.jpg,1
opened_train_1625.jpg,1
opened_train_1626.jpg,1
opened_train_1627.jpg,1
opened_train_1628.jpg,1
opened_train_1629.jpg,1
opened_train_1630.jpg,1
opened_train_1631.jpg,1
opened_train_1632.jpg,1
opened_train_1633.jpg,1
opened_train_1634.jpg,1
opened_train_1635.jpg,1
opened_train_1636.jpg,1
opened_train_1637.jpg,1
opened_train_1638.jpg,1
opened_train_1639.jpg,1
opened_train_1640.jpg,1
opened_train_1641.jpg,1
opened_train_1642.jpg,1
opened_train_1643.jpg,1
opened_train_1644.jpg,1
opened_train_1645.jpg,1
opened_train_1646.jpg,1
opened_train_1647.jpg,1
opened_train_1648.jpg,1
opened_train_1649.jpg,1
opened_train_1650.jpg,1
opened_train_1651.jpg,1
opened_train_1652.jpg,1
opened_train_1653.jpg,1
opened_train_1654.jpg,1
opened_train_1655.jpg,1
opened_train_1656.jpg,1
opened_train_1657.jpg,1
opened_train_1658.jpg,1
opened_train_1659.jpg,1
opened_train_1660.jpg,1
opened_train_1661.jpg,1
opened_train_1662.jpg,1
opened_train_1663.jpg,1
opened_train_1664.jpg,1
opened_train_1665.jpg,1
opened_train_1666.jpg,1
opened_train_1667.jpg,1
opened_train_1668.jpg,1
opened_train_1669.jpg,1
opened_train_1670.jpg,1
opened_train_1671.jpg,1
opened_train_1672.jpg,1
opened_train_1673.jpg,1
opened_train_1674.jpg,1
opened_train_1675.jpg,1
opened_train_1676.jpg,1
opened_train_1677.jpg,1
opened_train_1678.jpg,1
opened_train_1679.jpg,1
opened_train_1680.jpg,1
opened_train_1681.jpg,1
opened_train_1682.jpg,1
opened_train_1683.jpg,1
opened_train_1684.jpg,1
opened_train_1685.jpg,1
opened_train_1686.jpg,1
opened_train_1687.jpg,1
opened_train_1688.jpg,1
opened_train_1689.jpg,1
opened_train_1690.jpg,1
opened_train_1691.jpg,1
opened_train_1692.jpg,1
opened_train_1693.jpg,1
opened_train_1694.jpg,1
opened_train_1695.jpg,1
opened_train_1696.jpg,1
opened_train_1697.jpg,1
opened_train_1698.jpg,1
opened_train_1699.jpg,1
opened_train_1700.jpg,1
opened_train_1701.jpg,1
opened_train_1702.jpg,1
opened_train_1703.jpg,1
opened_train_1704.jpg,1
opened_train_1705.jpg,1
opened_train_1706.jpg,1
opened_train_1707.jpg,1
opened_train_1708.jpg,1
opened_train_1709.jpg,1
opened_train_1710.jpg,1
opened_train_1711.jpg,1
opened_train_1712.jpg,1
opened_train_1713.jpg,1
opened_train_1714.jpg,1
opened_train_1715.jpg,1
opened_train_1716.jpg,1
opened_train_1717.jpg,1
opened_train_1718.jpg,1
opened_train_1719.jpg,1
opened_train_1720.jpg,1
opened_train_1721.jpg,1
opened_train_1722.jpg,1
opened_train_1723.jpg,1
opened_train_1724.jpg,1
opened_train_1725.jpg,1
opened_train_1726.jpg,1
opened_train_1727.jpg,1
opened_train_1728.jpg,1
opened_train_1729.jpg,1
opened_train_1730.jpg,1
opened_train_1731.jpg,1
opened_train_1732.jpg,1
opened_train_1733.jpg,1
opened_train_1734.jpg,1
opened_train_1735.jpg,1
opened_train_1736.jpg,1
opened_train_1737.jpg,1
opened_train_1738.jpg,1
opened_train_1739.jpg,1
opened_train_1740.jpg,1
opened_train_1741.jpg,1
opened_train_1742.jpg,1
opened_train_1743.jpg,1
opened_train_1744.jpg,1
opened_train_1745.jpg,1
opened_train_1746.jpg,1
opened_train_1747.jpg,1
opened_train_1748.jpg,1
opened_train_1749.jpg,1
opened_train_1750.jpg,1
opened_train_1751.jpg,1
opened_train_1752.jpg,1
opened_train_1753.jpg,1
opened_train_1754.jpg,1
opened_train_1755.jpg,1
opened_train_1756.jpg,1
opened_train_1757.jpg,1
opened_train_1758.jpg,1
opened_train_1759.jpg,1
opened_train_1760.jpg,1
opened_train_1761.jpg,1
opened_train_1762.jpg,1
opened_train_1763.jpg,1
opened_train_1764.jpg,1
opened_train_1765.jpg,1
opened_train_1766.jpg,1
opened_train_1767.jpg,1
opened_train_1768.jpg,1
opened_train_1769.jpg,1
opened_train_1770.jpg,1
opened_train_1771.jpg,1
opened_train_1772.jpg,1
opened_train_1773.jpg,1
opened_train_1774.jpg,1
opened_train_1775.jpg,1
opened_train_1776.jpg,1
opened_train_1777.jpg,1
opened_train_1778.jpg,1
opened_train_1779.jpg,1
opened_train_1780.jpg,1
opened_train_1781.jpg,1
opened_train_1782.jpg,1
opened_train_1783.jpg,1
opened_train_1784.jpg,1
opened_train_1785.jpg,1
opened_train_1786.jpg,1
opened_train_1787.jpg,1
opened_train_1788.jpg,1
opened_train_1789.jpg,1
opened_train_1790.jpg,1
opened_train_1791.jpg,1
opened_train_1792.jpg,1
opened_train_1793.jpg,1
opened_train_1794.jpg,1
opened_train_1795.jpg,1
opened_train_1796.jpg,1
opened_train_1797.jpg,1
opened_train_1798.jpg,1
opened_train_1799.jpg,1
opened_train_1800.jpg,1
opened_train_1801.jpg,1
opened_train_1802.jpg,1
opened_train_1803.jpg,1
opened_train_1804.jpg,1
opened_train_1805.jpg,1
opened_train_1806.jpg,1
opened_train_1807.jpg,1
opened_train_1808.jpg,1
opened_train_1809.jpg,1
opened_train_1810.jpg,1
opened_train_1811.jpg,1
opened_train_1812.jpg,1
opened_train_1813.jpg,1
opened_train_1814.jpg,1
opened_train_1815.jpg,1
opened_train_1816.jpg,1
opened_train_1817.jpg,1
opened_train_1818.jpg,1
opened_train_1819.jpg,1
opened_train_1820.jpg,1
opened_train_1821.jpg,1
opened_train_1822.jpg,1
opened_train_1823.jpg,1
opened_train_1824.jpg,1
opened_train_1825.jpg,1
opened_train_1826.jpg,1
opened_train_1827.jpg,1
opened_train_1828.jpg,1
opened_train_1829.jpg,1
opened_train_1830.jpg,1
opened_train_1831.jpg,1
opened_train_1832.jpg,1
opened_train_1833.jpg,1
opened_train_1834.jpg,1
opened_train_1835.jpg,1
opened_train_1836.jpg,1
opened_train_1837.jpg,1
opened_train_1838.jpg,1
opened_train_1839.jpg,1
opened_train_1840.jpg,1
opened_train_1841.jpg,1
opened_train_1842.jpg,1
opened_train_1843.jpg,1
opened_train_1844.jpg,1
opened_train_1845.jpg,1
opened_train_1846.jpg,1
opened_train_1847.jpg,1
opened_train_1848.jpg,1
opened_train_1849.jpg,1
opened_train_1850.jpg,1
opened_train_1851.jpg,1
opened_train_1852.jpg,1
opened_train_1853.jpg,1
opened_train_1854.jpg,1
opened_train_1855.jpg,1
opened_train_1856.jpg,1
opened_train_1857.jpg,1
opened_train_1858.jpg,1
opened_train_1859.jpg,1
opened_train_1860.jpg,1
opened_train_1861.jpg,1
opened_train_1862.jpg,1
opened_train_1863.jpg,1
opened_train_1864.jpg,1
opened_train_1865.jpg,1
opened_train_1866.jpg,1
opened_train_1867.jpg,1
opened_train_1868.jpg,1
opened_train_1869.jpg,1
opened_train_1870.jpg,1
opened_train_1871.jpg,1
opened_train_1872.jpg,1
opened_train_1873.jpg,1
opened_train_1874.jpg,1
opened_train_1875.jpg,1
opened_train_1876.jpg,1
opened_train_1877.jpg,1
opened_train_1878.jpg,1
opened_train_1879.jpg,1
opened_train_1880.jpg,1
opened_train_1881.jpg,1
opened_train_1882.jpg,1
opened_train_1883.jpg,1
opened_train_1884.jpg,1
opened_train_1885.jpg,1
opened_train_1886.jpg,1
opened_train_1887.jpg,1
opened_train_1888.jpg,1
opened_train_1889.jpg,1
opened_train_1890.jpg,1
opened_train_1891.jpg,1
opened_train_1892.jpg,1
opened_train_1893.jpg,1
opened_train_1894.jpg,1
opened_train_1895.jpg,1
opened_train_1896.jpg,1
opened_train_1897.jpg,1
opened_train_1898.jpg,1
opened_train_1899.jpg,1
opened_train_1900.jpg,1
opened_train_1901.jpg,1
opened_train_1902.jpg,1
opened_train_1903.jpg,1
opened_train_1904.jpg,1
opened_train_1905.jpg,1
opened_train_1906.jpg,1
opened_train_1907.jpg,1
opened_train_1908.jpg,1
opened_train_1909.jpg,1
opened_train_1910.jpg,1
opened_train_1911.jpg,1
opened_train_1912.jpg,1
opened_train_1913.jpg,1
opened_train_1914.jpg,1
opened_train_1915.jpg,1
opened_train_1916.jpg,1
opened_train_1917.jpg,1
opened_train_1918.jpg,1
opened_train_1919.jpg,1
opened_train_1920.jpg,1
opened_train_1921.jpg,1
opened_train_1922.jpg,1
opened_train_1923.jpg,1
opened_train_1924.jpg,1
opened_train_1925.jpg,1
opened_train_1926.jpg,1
opened_train_1927.jpg,1
opened_train_1928.jpg,1
opened_train_1929.jpg,1
opened_train_1930.jpg,1
opened_train_1931.jpg,1
opened_train_1932.jpg,1
opened_train_1933.jpg,1
opened_train_1934.jpg,1
opened_train_1935.jpg,1
opened_train_1936.jpg,1
opened_train_1937.jpg,1
opened_train_1938.jpg,1
opened_train_1939.jpg,1
opened_train_1940.jpg,1
opened_train_1941.jpg,1
opened_train_1942.jpg,1
opened_train_1943.jpg,1
opened_train_1944.jpg,1
opened_train_1945.jpg,1
opened_train_1946.jpg,1
opened_train_1947.jpg,1
opened_train_1948.jpg,1
opened_train_1949.jpg,1
opened_train_1950.jpg,1
opened_train_1951.jpg,1
opened_train_1952.jpg,1
opened_train_1953.jpg,1
opened_train_1954.jpg,1
opened_train_1955.jpg,1
opened_train_1956.jpg,1
opened_train_1957.jpg,1
opened_train_1958.jpg,1
opened_train_1959.jpg,1
opened_train_1960.jpg,1
opened_train_1961.jpg,1
opened_train_1962.jpg,1
opened_train_1963.jpg,1
opened_train_1964.jpg,1
opened_train_1965.jpg,1
opened_train_1966.jpg,1
opened_train_1967.jpg,1
opened_train_1968.jpg,1
opened_train_1969.jpg,1
opened_train_1970.jpg,1
opened_train_1971.jpg,1
opened_train_1972.jpg,1
opened_train_1973.jpg,1
opened_train_1974.jpg,1
opened_train_1975.jpg,1
opened_train_1976.jpg,1
opened_train_1977.jpg,1
opened_train_1978.jpg,1
opened_train_1979.jpg,1
opened_train_1980.jpg,1
opened_train_1981.jpg,1
opened_train_1982.jpg,1
opened_train_1983.jpg,1
opened_train_1984.jpg,1
opened_train_1985.jpg,1
opened_train_1986.jpg,1
opened_train_1987.jpg,1
opened_train_1988.jpg,1
opened_train_1989.jpg,1
opened_train_1990.jpg,1
opened_train_1991.jpg,1
opened_train_1992.jpg,1
opened_train_1993.jpg,1
opened_train_1994.jpg,1
opened_train_1995.jpg,1
opened_train_1996.jpg,1
opened_train_1997.jpg,1
opened_train_1998.jpg,1
opened_train_1999.jpg,1
opened_train_2000.jpg,1
opened_train_2001.jpg,1
opened_train_2002.jpg,1
opened_train_2003.jpg,1
opened_train_2004.jpg,1
opened_train_2005.jpg,1
opened_train_2006.jpg,1
opened_train_2007.jpg,1
opened_train_2008.jpg,1
opened_train_2009.jpg,1
opened_train_2010.jpg,1
opened_train_2011.jpg,1
opened_train_2012.jpg,1
opened_train_2013.jpg,1
opened_train_2014.jpg,1
opened_train_2015.jpg,1
opened_train_2016.jpg,1
opened_train_2017.jpg,1
opened_train_2018.jpg,1
opened_train_2019.jpg,1
opened_train_2020.jpg,1
opened_train_2021.jpg,1
opened_train_2022.jpg,1
opened_train_2023.jpg,1
opened_train_2024.jpg,1
opened_train_2025.jpg,1
opened_train_2026.jpg,1
opened_train_2027.jpg,1
opened_train_2028.jpg,1
opened_train_2029.jpg,1
opened_train_2030.jpg,1
opened_train_2031.jpg,1
opened_train_2032.jpg,1
opened_train_2033.jpg,1
opened_train_2034.jpg,1
opened_train_2035.jpg,1
opened_train_2036.jpg,1
opened_train_2037.jpg,1
opened_train_2038.jpg,1
opened_train_2039.jpg,1
opened_train_2040.jpg,1
opened_train_2041.jpg,1
opened_train_2042.jpg,1
opened_train_2043.jpg,1
opened_train_2044.jpg,1
opened_train_2045.jpg,1
opened_train_2046.jpg,1
opened_train_2047.jpg,1
opened_train_2048.jpg,1
opened_train_2049.jpg,1
opened_train_2050.jpg,1
opened_train_2051.jpg,1
opened_train_2052.jpg,1
opened_train_2053.jpg,1
opened_train_2054.jpg,1
opened_train_2055.jpg,1
opened_train_2056.jpg,1
opened_train_2057.jpg,1
opened_train_2058.jpg,1
opened_train_2059.jpg,1
opened_train_2060.jpg,1
opened_train_2061.jpg,1
opened_train_2062.jpg,1
opened_train_2063.jpg,1
opened_train_2064.jpg,1
opened_train_2065.jpg,1
opened_train_2066.jpg,1
opened_train_2067.jpg,1
opened_train_2068.jpg,1
opened_train_2069.jpg,1
opened_train_2070.jpg,1
opened_train_2071.jpg,1
opened_train_2072.jpg,1
opened_train_2073.jpg,1
opened_train_2074.jpg,1
opened_train_2075.jpg,1
opened_train_2076.jpg,1
opened_train_2077.jpg,1
opened_train_2078.jpg,1
opened_train_2079.jpg,1
opened_train_2080.jpg,1
opened_train_2081.jpg,1
opened_train_2082.jpg,1
opened_train_2083.jpg,1
opened_train_2084.jpg,1
opened_train_2085.jpg,1
opened_train_2086.jpg,1
opened_train_2087.jpg,1
opened_train_2088.jpg,1
opened_train_2089.jpg,1
opened_train_2090.jpg,1
opened_train_2091.jpg,1
opened_train_2092.jpg,1
opened_train_2093.jpg,1
opened_train_2094.jpg,1
opened_train_2095.jpg,1
opened_train_2096.jpg,1
opened_train_2097.jpg,1
opened_train_2098.jpg,1
opened_train_2099.jpg,1
opened_train_2100.jpg,1
opened_train_2101.jpg,1
opened_train_2102.jpg,1
opened_train_2103.jpg,1
opened_train_2104.jpg,1
opened_train_2105.jpg,1
opened_train_2106.jpg,1
opened_train_2107.jpg,1
opened_train_2108.jpg,1
